[{"@type":"mappingTemplate","id":"@1","name":"Rule_Specification_Mapping_Versioning","description":"A simple mapping using rule specification","bundleVersion":"0","templateId":"@3","deployTime":1661233818000,"hasParameters":false,"valid":true,"fixedConnection":true,"hasParametersDeployed":false,"fixedConnectionDeployed":true,"tasks":0,"mappingPreviewFileRecordId":"@2","documentType":"","references":[{"@type":"reference","refObjectId":"@luj0F9tzdAMjJqxeTxHxED","refType":"connection"},{"@type":"reference","refObjectId":"@3tCDBg1LVzldk4pLw3Ur8T","refType":"frsDocument"},{"@type":"reference","refObjectId":"@62wGHtl3Uchi1Fwk67Bxex","refType":"connection"}]}]