[{"@type":"mappingTemplate","id":"@1","name":"Rule_Specification_Mapping_Versioning","description":"A simple mapping using rule specification","bundleVersion":"0","templateId":"@3","deployTime":1629367595000,"hasParameters":false,"valid":true,"fixedConnection":true,"hasParametersDeployed":false,"fixedConnectionDeployed":true,"tasks":0,"mappingPreviewFileRecordId":"@2","documentType":"","references":[{"@type":"reference","refObjectId":"@acUUUHFCVQnceiVz8BxoWb","refType":"connection"},{"@type":"reference","refObjectId":"@7yVeN1M2ygeiGnAWciP3qA","refType":"frsDocument"},{"@type":"reference","refObjectId":"@i6HRKtkqdIMkBcv69RNhwo","refType":"connection"}]}]