[{"@type":"mappingTemplate","id":"@1","name":"Cleanse_Mapping_Versioning_2","description":"A simpleMapping Using Cleanse","bundleVersion":"0","templateId":"@3","deployTime":1629367390000,"hasParameters":false,"valid":false,"fixedConnection":true,"hasParametersDeployed":false,"fixedConnectionDeployed":true,"tasks":0,"mappingPreviewFileRecordId":"@2","documentType":"","references":[{"@type":"reference","refObjectId":"@g52Zgp4Gdq1cb7V5IE9fKo","refType":"connection"},{"@type":"reference","refObjectId":"@8QaPDDHDqnDedyM6eXJ3a4","refType":"frsDocument"},{"@type":"reference","refObjectId":"@jdjQlhJCqCKiosRhJLoVM1","refType":"connection"}]}]