[{"@type":"mappingTemplate","id":"@1","name":"Cleanse_Mapping_Versioning_2","description":"A simpleMapping Using Cleanse","bundleVersion":"0","templateId":"@3","deployTime":1646134870000,"hasParameters":false,"valid":false,"fixedConnection":true,"hasParametersDeployed":false,"fixedConnectionDeployed":true,"tasks":0,"mappingPreviewFileRecordId":"@2","documentType":"","references":[{"@type":"reference","refObjectId":"@9cSK2TIyxQuf3y2p25ENa1","refType":"connection"},{"@type":"reference","refObjectId":"@8oLHWZXWwDteBDqTq7rR6p","refType":"connection"},{"@type":"reference","refObjectId":"@37pPylh1Gwhcfu3DH0S72m","refType":"frsDocument"}]}]