[{"@type":"mappingTemplate","id":"@1","name":"Cleanse_Mapping_Versioning_2","description":"A simpleMapping Using Cleanse","bundleVersion":"0","templateId":"@3","deployTime":1610716976000,"hasParameters":false,"valid":true,"fixedConnection":true,"hasParametersDeployed":false,"fixedConnectionDeployed":true,"tasks":0,"mappingPreviewFileRecordId":"@2","documentType":"","references":[{"@type":"reference","refObjectId":"@8ARDdOVG4ZrbnJH4Fao1aP","refType":"frsDocument"},{"@type":"reference","refObjectId":"@371IjZJ1WDYi1iA7EMyxKx","refType":"connection"},{"@type":"reference","refObjectId":"@9ktCfZFGKYnlHA6kqs28wY","refType":"connection"}]}]