[{"@type":"mappingTemplate","id":"@1","name":"Cleanse_Mapping_Versioning_2","description":"A simpleMapping Using Cleanse","bundleVersion":"0","templateId":"@3","deployTime":1645768475000,"hasParameters":false,"valid":false,"fixedConnection":true,"hasParametersDeployed":false,"fixedConnectionDeployed":true,"tasks":0,"mappingPreviewFileRecordId":"@2","documentType":"","references":[{"@type":"reference","refObjectId":"@9AXucirCzywdDE7nZ9xv6Y","refType":"connection"},{"@type":"reference","refObjectId":"@5otrfuJv2rklhPziIyr0wA","refType":"frsDocument"},{"@type":"reference","refObjectId":"@kqtiyrCvIuqeGoybr3fPuG","refType":"connection"}]}]