[{"@type":"mappingTemplate","id":"@1","name":"Deduplicate_Mapping_Versioning_2","description":"","bundleVersion":"0","templateId":"@3","deployTime":1629359877000,"hasParameters":false,"valid":true,"fixedConnection":true,"hasParametersDeployed":false,"fixedConnectionDeployed":true,"tasks":0,"mappingPreviewFileRecordId":"@2","documentType":"","references":[{"@type":"reference","refObjectId":"@gdiVnUHLyykkxTaFhDYXKa","refType":"frsDocument"},{"@type":"reference","refObjectId":"@92bQA6tuH4OlMCvvuUHKey","refType":"connection"},{"@type":"reference","refObjectId":"@2dTuzhlBu2Cc0NJ3FycSuR","refType":"connection"}]}]