[{"@type":"mappingTemplate","id":"@1","name":"Deduplicate_Mapping_Versioning_2","description":"","bundleVersion":"0","templateId":"@3","deployTime":1629872837000,"hasParameters":false,"valid":true,"fixedConnection":true,"hasParametersDeployed":false,"fixedConnectionDeployed":true,"tasks":0,"mappingPreviewFileRecordId":"@2","documentType":"","references":[{"@type":"reference","refObjectId":"@5ScWeM4yVWyiTiokHcb6Yj","refType":"connection"},{"@type":"reference","refObjectId":"@hbXnRM6QoECkTQpxUdTzyE","refType":"frsDocument"},{"@type":"reference","refObjectId":"@6a0MLjiMCW0ckfMmGY8aE6","refType":"connection"}]}]