[{"@type":"mappingTemplate","id":"@1","name":"Verifer_Mapping_Versioning","description":"","bundleVersion":"0","templateId":"@3","deployTime":1652872516000,"hasParameters":false,"valid":true,"fixedConnection":true,"hasParametersDeployed":false,"fixedConnectionDeployed":true,"tasks":0,"mappingPreviewFileRecordId":"@2","documentType":"","references":[{"@type":"reference","refObjectId":"@bFc0oBw146jhzx40k8Q4Ud","refType":"connection"},{"@type":"reference","refObjectId":"@1Pv9msKuE0ZcAjqyLlesqq","refType":"connection"},{"@type":"reference","refObjectId":"@dP6IcugrgoSibjh7dKdQGk","refType":"frsDocument"}]}]