[{"@type":"mappingTemplate","id":"@1","name":"Verifer_Mapping_Versioning","description":"","bundleVersion":"0","templateId":"@3","deployTime":1645768920000,"hasParameters":false,"valid":true,"fixedConnection":true,"hasParametersDeployed":false,"fixedConnectionDeployed":true,"tasks":0,"mappingPreviewFileRecordId":"@2","documentType":"","references":[{"@type":"reference","refObjectId":"@1FVRfta6QjIdUNVLLPbg8F","refType":"frsDocument"},{"@type":"reference","refObjectId":"@9yUHqLHn8YWjM3xPpBMnC7","refType":"connection"},{"@type":"reference","refObjectId":"@ijpHGRODAskeMQMYaR3hC6","refType":"connection"}]}]