[{"@type":"mappingTemplate","id":"@1","name":"Verifer_Mapping_Versioning","description":"","bundleVersion":"0","templateId":"@3","deployTime":1611840216000,"hasParameters":false,"valid":true,"fixedConnection":true,"hasParametersDeployed":false,"fixedConnectionDeployed":true,"tasks":0,"mappingPreviewFileRecordId":"@2","documentType":"","references":[{"@type":"reference","refObjectId":"@kvEftCo0jwVcD8laJqLVaB","refType":"connection"},{"@type":"reference","refObjectId":"@7XhUMywpLMYjvUIOIE6fSa","refType":"connection"},{"@type":"reference","refObjectId":"@9RTJyxk9jWRb7yOYPw1xoV","refType":"frsDocument"}]}]