[{"@type":"mappingTemplate","id":"@1","name":"Verifer_Mapping_Versioning","description":"","bundleVersion":"0","templateId":"@3","deployTime":1629873292000,"hasParameters":false,"valid":true,"fixedConnection":true,"hasParametersDeployed":false,"fixedConnectionDeployed":true,"tasks":0,"mappingPreviewFileRecordId":"@2","documentType":"","references":[{"@type":"reference","refObjectId":"@3EQCIBbMZqtiOYeTcIrTkb","refType":"connection"},{"@type":"reference","refObjectId":"@6Jwzo0Vs0oVdtwo0AWUVgD","refType":"connection"},{"@type":"reference","refObjectId":"@1OsiIZMZ8GEk2X3rfcWose","refType":"frsDocument"}]}]