[{"@type":"mappingTemplate","id":"@1","name":"Verifer_Mapping_Versioning","description":"","bundleVersion":"0","templateId":"@3","deployTime":1629367852000,"hasParameters":false,"valid":true,"fixedConnection":true,"hasParametersDeployed":false,"fixedConnectionDeployed":true,"tasks":0,"mappingPreviewFileRecordId":"@2","documentType":"","references":[{"@type":"reference","refObjectId":"@56FWMKOjk51eRoQAhPc66F","refType":"connection"},{"@type":"reference","refObjectId":"@dZhIB8TOwA3hKKENBx1raj","refType":"connection"},{"@type":"reference","refObjectId":"@6qDTBdz5hRrbqTzMlHmvyo","refType":"frsDocument"}]}]