[{"@type":"mappingTemplate","id":"@1","name":"Mapping2","description":"","bundleVersion":"0","templateId":"@3","hasParameters":false,"valid":false,"fixedConnection":true,"hasParametersDeployed":false,"fixedConnectionDeployed":false,"tasks":0,"mappingPreviewFileRecordId":"@2","documentType":"MAPPING","references":[{"@type":"reference","refObjectId":"@9EYadlo7g5pjSSZfstZbKu","refType":"connection"},{"@type":"reference","refObjectId":"@aHgcvNwPNNDg5TouqTIn8z","refType":"connection"},{"@type":"reference","refObjectId":"@kIvNXebg9M1ixuywZB2BwP","refType":"frsDocument"}]}]