[{"@type":"mappingTemplate","id":"@1","name":"Cleanse_Mapping_Versioning","description":"Cleanse mapping","bundleVersion":"0","templateId":"@3","deployTime":1610978010000,"hasParameters":false,"valid":true,"fixedConnection":true,"hasParametersDeployed":false,"fixedConnectionDeployed":true,"tasks":0,"mappingPreviewFileRecordId":"@2","documentType":"","references":[{"@type":"reference","refObjectId":"@8rSktKCzoURlbxej7zhUWX","refType":"connection"},{"@type":"reference","refObjectId":"@aHgcvNwPNNDg5TouqTIn8z","refType":"connection"},{"@type":"reference","refObjectId":"@2sGsVQLlUrNirGKd1AP0o5","refType":"frsDocument"}]}]