[{"@type":"mappingTemplate","id":"@1","name":"Cleanse_Mapping_Versioning","description":"Cleanse mapping","bundleVersion":"0","templateId":"@3","deployTime":1629367386000,"hasParameters":false,"valid":false,"fixedConnection":true,"hasParametersDeployed":false,"fixedConnectionDeployed":true,"tasks":0,"mappingPreviewFileRecordId":"@2","documentType":"","references":[{"@type":"reference","refObjectId":"@9rbIQ7Iv6a9d8hLRN8GHGI","refType":"connection"},{"@type":"reference","refObjectId":"@8OzdDdDixyMgAXU19mBxMN","refType":"connection"},{"@type":"reference","refObjectId":"@1dmCrMaqH8IeAnHlLOmYK4","refType":"frsDocument"}]}]