[{"@type":"mappingTemplate","id":"@1","name":"Cleanse_Mapping_Versioning","description":"Cleanse mapping","bundleVersion":"0","templateId":"@3","deployTime":1629872835000,"hasParameters":false,"valid":false,"fixedConnection":true,"hasParametersDeployed":false,"fixedConnectionDeployed":true,"tasks":0,"mappingPreviewFileRecordId":"@2","documentType":"","references":[{"@type":"reference","refObjectId":"@8vhD13GNspMdBYoUz7dfs2","refType":"connection"},{"@type":"reference","refObjectId":"@4WAvplM3jP9fl4PkZmGdyk","refType":"connection"},{"@type":"reference","refObjectId":"@fptB7v7V4S5kE3MCIfbeUr","refType":"frsDocument"}]}]