[{"@type":"mappingTemplate","id":"@1","name":"Cleanse_Mapping_Versioning","description":"Cleanse mapping","bundleVersion":"0","templateId":"@3","deployTime":1629458771000,"hasParameters":false,"valid":false,"fixedConnection":true,"hasParametersDeployed":false,"fixedConnectionDeployed":true,"tasks":0,"mappingPreviewFileRecordId":"@2","documentType":"","references":[{"@type":"reference","refObjectId":"@7wdnmm8RCdKda1xBFf6hco","refType":"connection"},{"@type":"reference","refObjectId":"@1dmDL8yYTobi7FSIWfYOM4","refType":"frsDocument"},{"@type":"reference","refObjectId":"@3K5UcvDryTPiRvfyywFXmq","refType":"connection"}]}]