[{"@type":"mappingTemplate","id":"@1","name":"Cleanse_Mapping_Versioning","description":"Cleanse mapping","bundleVersion":"0","templateId":"@3","deployTime":1661165280000,"hasParameters":false,"valid":true,"fixedConnection":true,"hasParametersDeployed":false,"fixedConnectionDeployed":true,"tasks":0,"mappingPreviewFileRecordId":"@2","documentType":"","references":[{"@type":"reference","refObjectId":"@7wdnmm8RCdKda1xBFf6hco","refType":"connection"},{"@type":"reference","refObjectId":"@3K5UcvDryTPiRvfyywFXmq","refType":"connection"},{"@type":"reference","refObjectId":"@8WGaX7AzgIAgH2TXRIZN88","refType":"frsDocument"}]}]