[{"@type":"mappingTemplate","id":"@1","name":"Cleanse_Mapping_Versioning","description":"Cleanse mapping","bundleVersion":"0","templateId":"@3","deployTime":1611661843000,"hasParameters":false,"valid":true,"fixedConnection":true,"hasParametersDeployed":false,"fixedConnectionDeployed":true,"tasks":0,"mappingPreviewFileRecordId":"@2","documentType":"","references":[{"@type":"reference","refObjectId":"@dnQEr9if7etkIBJmjlgIy7","refType":"frsDocument"},{"@type":"reference","refObjectId":"@8rSktKCzoURlbxej7zhUWX","refType":"connection"},{"@type":"reference","refObjectId":"@aHgcvNwPNNDg5TouqTIn8z","refType":"connection"}]}]