[{"@type":"mappingTemplate","id":"@1","name":"Cleanse_Mapping_Versioning","description":"Cleanse mapping","bundleVersion":"0","templateId":"@3","deployTime":1622181911000,"hasParameters":false,"valid":true,"fixedConnection":true,"hasParametersDeployed":false,"fixedConnectionDeployed":true,"tasks":0,"mappingPreviewFileRecordId":"@2","documentType":"","references":[{"@type":"reference","refObjectId":"@08vurvlGSk4cWQD8nCQcCC","refType":"connection"},{"@type":"reference","refObjectId":"@hWNHLFDOaOte7E6zQ8jGq5","refType":"connection"},{"@type":"reference","refObjectId":"@bdPTa29Y4SXhb10sJtgGQ5","refType":"frsDocument"}]}]