[{"@type":"mappingTemplate","id":"@1","name":"Rule_Specification_Mapping_Versioning_2","description":"A simple mapping using rule specification","bundleVersion":"0","templateId":"@3","hasParameters":false,"valid":true,"fixedConnection":true,"hasParametersDeployed":false,"fixedConnectionDeployed":false,"tasks":0,"mappingPreviewFileRecordId":"@2","documentType":"","references":[{"@type":"reference","refObjectId":"@8pzoka2neUGjLiaimHpPq9","refType":"frsDocument"},{"@type":"reference","refObjectId":"@acUUUHFCVQnceiVz8BxoWb","refType":"connection"},{"@type":"reference","refObjectId":"@i6HRKtkqdIMkBcv69RNhwo","refType":"connection"}]}]