[{"@type":"mappingTemplate","id":"@1","name":"Rule_Specification_Mapping_Versioning_2","description":"A simple mapping using rule specification","bundleVersion":"0","templateId":"@3","hasParameters":false,"valid":true,"fixedConnection":true,"hasParametersDeployed":false,"fixedConnectionDeployed":false,"tasks":0,"mappingPreviewFileRecordId":"@2","documentType":"","references":[{"@type":"reference","refObjectId":"@aO62g32BGs1gvhHnYMr9S6","refType":"frsDocument"},{"@type":"reference","refObjectId":"@luj0F9tzdAMjJqxeTxHxED","refType":"connection"},{"@type":"reference","refObjectId":"@62wGHtl3Uchi1Fwk67Bxex","refType":"connection"}]}]