[{"@type":"mappingTemplate","id":"@1","name":"Rule_Specification_Mapping_Versioning_2","description":"A simple mapping using rule specification","bundleVersion":"0","templateId":"@3","hasParameters":false,"valid":true,"fixedConnection":true,"hasParametersDeployed":false,"fixedConnectionDeployed":false,"tasks":0,"mappingPreviewFileRecordId":"@2","documentType":"","references":[{"@type":"reference","refObjectId":"@2v6GU27K24skM5ltzm7ryF","refType":"connection"},{"@type":"reference","refObjectId":"@8gevgvBX8SegQdDVT3ntsJ","refType":"frsDocument"},{"@type":"reference","refObjectId":"@0pciqjw91uUkxhZSfmxMaS","refType":"connection"}]}]