[{"@type":"mappingTemplate","id":"@1","name":"Rule_Specification_Mapping_Versioning_2","description":"A simple mapping using rule specification","bundleVersion":"0","templateId":"@3","hasParameters":false,"valid":true,"fixedConnection":true,"hasParametersDeployed":false,"fixedConnectionDeployed":false,"tasks":0,"mappingPreviewFileRecordId":"@2","documentType":"","references":[{"@type":"reference","refObjectId":"@1QLo1AA1fnkkECtkBsvQY8","refType":"connection"},{"@type":"reference","refObjectId":"@0RXUqT3SZSwdbKTu5XoawU","refType":"connection"},{"@type":"reference","refObjectId":"@5g6I27FSYiRi6sGRAwH46r","refType":"frsDocument"}]}]