[{"@type":"mappingTemplate","id":"@1","name":"Cleanse_Mapping_Versioning_2","description":"A simpleMapping Using Cleanse","bundleVersion":"0","templateId":"@3","hasParameters":false,"valid":false,"fixedConnection":true,"hasParametersDeployed":false,"fixedConnectionDeployed":false,"tasks":0,"mappingPreviewFileRecordId":"@2","documentType":"","references":[{"@type":"reference","refObjectId":"@0tQqligRy2FkYK7QsYszSY","refType":"frsDocument"},{"@type":"reference","refObjectId":"@g52Zgp4Gdq1cb7V5IE9fKo","refType":"connection"},{"@type":"reference","refObjectId":"@jdjQlhJCqCKiosRhJLoVM1","refType":"connection"}]}]