[{"@type":"mappingTemplate","id":"@1","name":"Cleanse_Mapping_Versioning_2","description":"A simpleMapping Using Cleanse","bundleVersion":"0","templateId":"@3","hasParameters":false,"valid":false,"fixedConnection":true,"hasParametersDeployed":false,"fixedConnectionDeployed":false,"tasks":0,"mappingPreviewFileRecordId":"@2","documentType":"","references":[{"@type":"reference","refObjectId":"@9e6r3M8ugsOeZGbBlnQOg4","refType":"connection"},{"@type":"reference","refObjectId":"@717lgYttBYEbtalWrTIvEZ","refType":"frsDocument"},{"@type":"reference","refObjectId":"@htQG1S0CpqtgeS3qciJks1","refType":"connection"}]}]