[{"@type":"mappingTemplate","id":"@1","name":"Cleanse_Mapping_Versioning_2","description":"A simpleMapping Using Cleanse","bundleVersion":"0","templateId":"@3","hasParameters":false,"valid":true,"fixedConnection":true,"hasParametersDeployed":false,"fixedConnectionDeployed":false,"tasks":0,"mappingPreviewFileRecordId":"@2","documentType":"","references":[{"@type":"reference","refObjectId":"@371IjZJ1WDYi1iA7EMyxKx","refType":"connection"},{"@type":"reference","refObjectId":"@9ktCfZFGKYnlHA6kqs28wY","refType":"connection"},{"@type":"reference","refObjectId":"@8YRCqD2ZR0wkccp7fD43ok","refType":"frsDocument"}]}]