[{"@type":"mappingTemplate","id":"@1","name":"Cleanse_Mapping_Versioning_2","description":"A simpleMapping Using Cleanse","bundleVersion":"0","templateId":"@3","hasParameters":false,"valid":false,"fixedConnection":true,"hasParametersDeployed":false,"fixedConnectionDeployed":false,"tasks":0,"mappingPreviewFileRecordId":"@2","documentType":"","references":[{"@type":"reference","refObjectId":"@dAaJqeTYI8dhZHhG8mDyaf","refType":"frsDocument"},{"@type":"reference","refObjectId":"@9cSK2TIyxQuf3y2p25ENa1","refType":"connection"},{"@type":"reference","refObjectId":"@8oLHWZXWwDteBDqTq7rR6p","refType":"connection"}]}]