[{"@type":"mappingTemplate","id":"@1","name":"Verifer_Mapping_Versioning","description":"","bundleVersion":"0","templateId":"@3","hasParameters":false,"valid":true,"fixedConnection":true,"hasParametersDeployed":false,"fixedConnectionDeployed":false,"tasks":0,"mappingPreviewFileRecordId":"@2","documentType":"","references":[{"@type":"reference","refObjectId":"@9yUHqLHn8YWjM3xPpBMnC7","refType":"connection"},{"@type":"reference","refObjectId":"@ijpHGRODAskeMQMYaR3hC6","refType":"connection"},{"@type":"reference","refObjectId":"@lAqOA4aPu2Zl1dmNs01X8Y","refType":"frsDocument"}]}]