[{"@type":"mappingTemplate","id":"@1","name":"Deduplicate_Mapping_Versioning_2","description":"","bundleVersion":"0","templateId":"@3","hasParameters":false,"valid":true,"fixedConnection":true,"hasParametersDeployed":false,"fixedConnectionDeployed":false,"tasks":0,"mappingPreviewFileRecordId":"@2","documentType":"","references":[{"@type":"reference","refObjectId":"@1XjKTOOgaqvbavnVPQJkMG","refType":"frsDocument"},{"@type":"reference","refObjectId":"@92bQA6tuH4OlMCvvuUHKey","refType":"connection"},{"@type":"reference","refObjectId":"@2dTuzhlBu2Cc0NJ3FycSuR","refType":"connection"}]}]