[{"@type":"mappingTemplate","id":"@1","name":"Parse_Mapping_Versioning","description":"test description","bundleVersion":"0","templateId":"@3","deployTime":1629873375000,"hasParameters":false,"valid":true,"fixedConnection":true,"hasParametersDeployed":false,"fixedConnectionDeployed":true,"tasks":0,"mappingPreviewFileRecordId":"@2","documentType":"","references":[{"@type":"reference","refObjectId":"@adJ5dUbuI45ebSycK3Wnsf","refType":"connection"},{"@type":"reference","refObjectId":"@3xasyX9IYvclUcjhkxlaMa","refType":"connection"},{"@type":"reference","refObjectId":"@jzL3A3GnlWLi7p3aFjS8iy","refType":"frsDocument"}]}]