[{"@type":"mappingTemplate","id":"@1","name":"Parse_Mapping_Versioning","description":"test description","bundleVersion":"0","templateId":"@3","deployTime":1645769008000,"hasParameters":false,"valid":true,"fixedConnection":true,"hasParametersDeployed":false,"fixedConnectionDeployed":true,"tasks":0,"mappingPreviewFileRecordId":"@2","documentType":"","references":[{"@type":"reference","refObjectId":"@kcQDtkTnoWAgGwXkXkoSqQ","refType":"connection"},{"@type":"reference","refObjectId":"@h7CitiCzF4IeXxpIkmRLSr","refType":"connection"},{"@type":"reference","refObjectId":"@9OpPeTkpL6meXrBxF2Ts4E","refType":"frsDocument"}]}]