[{"@type":"mappingTemplate","id":"@1","name":"Parse_Mapping_Versioning","description":"test description","bundleVersion":"0","templateId":"@3","deployTime":1652951064000,"hasParameters":false,"valid":true,"fixedConnection":true,"hasParametersDeployed":false,"fixedConnectionDeployed":true,"tasks":0,"mappingPreviewFileRecordId":"@2","documentType":"","references":[{"@type":"reference","refObjectId":"@6LJijk42LQKfZKqkU3gzSu","refType":"connection"},{"@type":"reference","refObjectId":"@jVfNkOOZGelji1Rb4OA34a","refType":"connection"},{"@type":"reference","refObjectId":"@3bCltrc5tWseL8IvmSgpaL","refType":"frsDocument"}]}]