[{"@type":"mappingTemplate","id":"@1","name":"Rule_Specification_Mapping_Versioning_2","description":"A simple mapping using rule specification","bundleVersion":"0","templateId":"@3","deployTime":1645768726000,"hasParameters":false,"valid":true,"fixedConnection":true,"hasParametersDeployed":false,"fixedConnectionDeployed":true,"tasks":0,"mappingPreviewFileRecordId":"@2","documentType":"","references":[{"@type":"reference","refObjectId":"@2v6GU27K24skM5ltzm7ryF","refType":"connection"},{"@type":"reference","refObjectId":"@8cDcXxcheLci0eIQm6qAY8","refType":"frsDocument"},{"@type":"reference","refObjectId":"@0pciqjw91uUkxhZSfmxMaS","refType":"connection"}]}]