[{"@type":"mappingTemplate","id":"@1","name":"Rule_Specification_Mapping_Versioning_2","description":"A simple mapping using rule specification","bundleVersion":"0","templateId":"@3","deployTime":1646207931000,"hasParameters":false,"valid":true,"fixedConnection":true,"hasParametersDeployed":false,"fixedConnectionDeployed":true,"tasks":0,"mappingPreviewFileRecordId":"@2","documentType":"","references":[{"@type":"reference","refObjectId":"@luj0F9tzdAMjJqxeTxHxED","refType":"connection"},{"@type":"reference","refObjectId":"@62wGHtl3Uchi1Fwk67Bxex","refType":"connection"},{"@type":"reference","refObjectId":"@7kNnaYh3rmRh2Lqs3iMrwT","refType":"frsDocument"}]}]