[{"@type":"mappingTemplate","id":"@1","name":"Parse_Mapping_Versioning_2","description":"","bundleVersion":"0","templateId":"@3","deployTime":1630392118000,"hasParameters":false,"valid":true,"fixedConnection":true,"hasParametersDeployed":false,"fixedConnectionDeployed":true,"tasks":0,"mappingPreviewFileRecordId":"@2","documentType":"","references":[{"@type":"reference","refObjectId":"@kcQDtkTnoWAgGwXkXkoSqQ","refType":"connection"},{"@type":"reference","refObjectId":"@3uGBGL7F8aChaPje9gpoMm","refType":"frsDocument"},{"@type":"reference","refObjectId":"@h7CitiCzF4IeXxpIkmRLSr","refType":"connection"}]}]