[{"@type":"mappingTemplate","id":"@1","name":"Parse_Mapping_Versioning_2","description":"","bundleVersion":"0","templateId":"@3","deployTime":1629873422000,"hasParameters":false,"valid":true,"fixedConnection":true,"hasParametersDeployed":false,"fixedConnectionDeployed":true,"tasks":0,"mappingPreviewFileRecordId":"@2","documentType":"","references":[{"@type":"reference","refObjectId":"@adJ5dUbuI45ebSycK3Wnsf","refType":"connection"},{"@type":"reference","refObjectId":"@3xasyX9IYvclUcjhkxlaMa","refType":"connection"},{"@type":"reference","refObjectId":"@fk8kvVbVGIwcu1KSVD0PIj","refType":"frsDocument"}]}]