[{"@type":"mappingTemplate","id":"@1","name":"Parse_Mapping_Versioning_2","description":"","bundleVersion":"0","templateId":"@3","deployTime":1629725786000,"hasParameters":false,"valid":true,"fixedConnection":true,"hasParametersDeployed":false,"fixedConnectionDeployed":true,"tasks":0,"mappingPreviewFileRecordId":"@2","documentType":"","references":[{"@type":"reference","refObjectId":"@ekHUp1QIQ6ljD7xAisUCMc","refType":"frsDocument"},{"@type":"reference","refObjectId":"@7WklBjrf2kHlY1KXuKpCGd","refType":"connection"},{"@type":"reference","refObjectId":"@jiT9hW5nmaYiwnQJ1UGHgF","refType":"connection"}]}]