[{"@type":"mappingTemplate","id":"@1","name":"Deduplicate_Mapping_Versioning1","description":"Dedupe mapping","bundleVersion":"0","templateId":"@3","deployTime":1599028906000,"hasParameters":false,"valid":true,"fixedConnection":true,"hasParametersDeployed":false,"fixedConnectionDeployed":true,"tasks":0,"mappingPreviewFileRecordId":"@2","documentType":"","references":[{"@type":"reference","refObjectId":"@9fnXHlcNmnbjTPfC3F0ccK","refType":"connection"},{"@type":"reference","refObjectId":"@0IZ1nJKj1NScUYmzKXxAOq","refType":"connection"},{"@type":"reference","refObjectId":"@2DiCjXQXW4vbBqsBqC5kuA","refType":"frsDocument"}]}]