[{"@type":"mappingTemplate","id":"@1","name":"Parse_Mapping_Versioning1","description":"test description","bundleVersion":"0","templateId":"@3","deployTime":1599028908000,"hasParameters":false,"valid":true,"fixedConnection":true,"hasParametersDeployed":false,"fixedConnectionDeployed":true,"tasks":0,"mappingPreviewFileRecordId":"@2","documentType":"","references":[{"@type":"reference","refObjectId":"@6LJijk42LQKfZKqkU3gzSu","refType":"connection"},{"@type":"reference","refObjectId":"@jVfNkOOZGelji1Rb4OA34a","refType":"connection"},{"@type":"reference","refObjectId":"@1K7xQu6Z9wlisM0L5PmCMb","refType":"frsDocument"}]}]