[{"@type":"mappingTemplate","id":"@1","name":"Deduplicate_Mapping_Versioning","description":"Dedupe mapping","bundleVersion":"0","templateId":"@3","deployTime":1630391570000,"hasParameters":false,"valid":true,"fixedConnection":true,"hasParametersDeployed":false,"fixedConnectionDeployed":true,"tasks":0,"mappingPreviewFileRecordId":"@2","documentType":"","references":[{"@type":"reference","refObjectId":"@5k9fEnV5Hjidb97XvtSg0D","refType":"connection"},{"@type":"reference","refObjectId":"@1xvIYWGQwnRgnDfIt3tCYN","refType":"connection"},{"@type":"reference","refObjectId":"@79YDlvWfHqygCMOpcr4Hkt","refType":"frsDocument"}]}]