[{"@type":"mappingTemplate","id":"@1","name":"Deduplicate_Mapping_Versioning","description":"Dedupe mapping","bundleVersion":"0","templateId":"@3","deployTime":1612008070000,"hasParameters":false,"valid":true,"fixedConnection":true,"hasParametersDeployed":false,"fixedConnectionDeployed":true,"tasks":0,"mappingPreviewFileRecordId":"@2","documentType":"","references":[{"@type":"reference","refObjectId":"@96OkGFfmqKFhzGq6hzD3kU","refType":"connection"},{"@type":"reference","refObjectId":"@2uxGbp0EBV1lPIdjotfPqj","refType":"connection"},{"@type":"reference","refObjectId":"@k5HQKZ7CFyokF8Yv52guCN","refType":"frsDocument"}]}]