[{"@type":"mappingTemplate","id":"@1","name":"Deduplicate_Mapping_Versioning","description":"Dedupe mapping","bundleVersion":"0","templateId":"@3","deployTime":1652872011000,"hasParameters":false,"valid":true,"fixedConnection":true,"hasParametersDeployed":false,"fixedConnectionDeployed":true,"tasks":0,"mappingPreviewFileRecordId":"@2","documentType":"","references":[{"@type":"reference","refObjectId":"@9fnXHlcNmnbjTPfC3F0ccK","refType":"connection"},{"@type":"reference","refObjectId":"@0IZ1nJKj1NScUYmzKXxAOq","refType":"connection"},{"@type":"reference","refObjectId":"@8fclP7h9rkvhC5vgJ8DcWA","refType":"frsDocument"}]}]